group,customer_count,churn_rate
event,96,0.3020833333333333
other,103,0.24271844660194175
ads,98,0.23469387755102042
organic,114,0.17543859649122806
partner,89,0.14606741573033707
