group,customer_count,churn_rate
DE,25,0.32
US,291,0.23367697594501718
FR,22,0.22727272727272727
IN,49,0.20408163265306123
UK,58,0.1896551724137931
CA,23,0.17391304347826086
AU,32,0.125
