group,customer_count,churn_rate
DevTools,113,0.30973451327433627
FinTech,112,0.22321428571428573
HealthTech,96,0.21875
EdTech,79,0.16455696202531644
Cybersecurity,100,0.16
