model,accuracy,precision,recall,f1,roc_auc
DL_MLP,0.7866666666666666,0.0,0.0,0.0,0.4322033898305085
