model,threshold,accuracy,precision,recall,f1,roc_auc,pred_positive_rate
logistic_regression,0.45,0.5466666666666666,0.29545454545454547,0.8125,0.43333333333333335,0.6122881355932204,0.5866666666666667
random_forest,0.2,0.3466666666666667,0.22950819672131148,0.875,0.36363636363636365,0.4830508474576271,0.8133333333333334
DL_MLP,0.15,0.22666666666666666,0.21621621621621623,1.0,0.35555555555555557,0.4322033898305085,0.9866666666666667
